,log[P(1)/P(X)],log[P(2)/P(X)],log λ_dom,log λ_ext
constante,0.07012790061814422,-0.04632455443615844,0.23180399097753154,0.13374980143468987
dElo,-0.016877310848682325,-0.23434719889331146,0.05132094506147351,-0.0835212942434343
absElo,0.09743363892232265,0.07587177081647117,-0.005609543565778373,0.005282174045645233
dQ,0.2902210879721902,-0.14223393770040202,0.0958862134930063,-0.10327918857081145
Otot,0.03535306152286425,-0.016009634015772753,0.043972255745040933,0.03175070541076705
pi_diff,0.09169027609919846,-0.3739564101651525,-0.006252475734110086,-0.173787339975207
pi_diff_avg,-0.18070458823951596,0.3704900862158822,0.014530184344254682,0.20719861450972715
lg_SP1,-0.037810747757565696,-0.07949725175929294,-0.04632104073527597,-0.056102120746197894
lg_I1,-0.15933422539809863,-0.04638120751632344,-0.0872715383270764,-0.032343175928452594
lg_D1,-0.12450671515183284,-0.05041719795666245,0.003721202066583891,-0.014648563830266075
lg_F1,-0.07143872891762848,0.022002288939298852,-0.05112831590249199,-0.014942714817304196
g_lh,1.0830754312635649,0.11870171090656445,0.5581148138864244,0.08596220388366377
g_la,-0.5727159888333286,0.4319094285566193,0.03356470112244771,0.4751690267218686
lg_mh_c,,,-0.0070328739273620156,0.07400156476320902
lg_ma_c,,,-0.08695923313491988,0.05972494026212531
