semaine du,matchs,LL_v4_hebdo,LL_v4_fige,LL_cotes,justes_v4,justes_cotes,cumul_v4_hebdo,cumul_v4_fige,cumul_cotes
2025-08-11,24,0.9676046325957629,0.9676047992951325,0.9696244554727619,0.5,0.5,0.9676046325957629,0.9676047992951325,0.9696244554727619
2025-08-18,43,0.9944986206766739,0.9941185229903414,0.9638062467123921,0.5116279069767442,0.5348837209302325,0.9848649533044073,0.984621069726386,0.9658903811937186
2025-08-25,51,0.977975533947646,0.9776135997798774,0.9618922270402663,0.5098039215686274,0.5490196078431373,0.9818873229044511,0.9815924174613696,0.9641623654155316
2025-09-08,42,0.8920213914500043,0.8929836305770704,0.8733923501326251,0.5952380952380952,0.6190476190476191,0.9582975158976588,0.958332610904241,0.9403352364037687
2025-09-15,47,0.9811140771529511,0.9826478298917695,0.959495103694658,0.425531914893617,0.48936170212765956,0.9634780877768798,0.9638534577274963,0.9446855444359995
2025-09-22,53,0.9738706069366081,0.9730223035212532,0.9986076498601459,0.4716981132075472,0.4528301886792453,0.9655965628363629,0.9657224916777621,0.9556773582339986
2025-09-29,52,0.9844422738671577,0.9834658887857083,0.9643145745851415,0.5192307692307693,0.5192307692307693,0.9687375146748286,0.9686797245290865,0.9571168942925223
2025-10-13,45,0.9844489736616469,0.9846176090510094,1.0021243405515985,0.4888888888888889,0.4888888888888889,0.9707179506815703,0.970688701569665,0.9627901018041707
2025-10-20,50,0.9803331798167153,0.9801618113652547,0.985873274551321,0.52,0.52,0.971899182762055,0.9718524742718259,0.9656258724119288
2025-10-27,64,0.9520855126942162,0.9519714343073938,0.9257522328872869,0.546875,0.609375,0.9692068793982722,0.9691510166121154,0.9602077982514678
2025-11-03,52,0.9921933566869305,0.9925397172102374,1.0022724249247401,0.5769230769230769,0.5,0.9714923417673167,0.9714764705912786,0.9643901320698429
2025-11-17,44,0.9245393055698389,0.9252716697226195,0.9415023733547737,0.6136363636363636,0.5909090909090909,0.9678487199107223,0.9678909128519118,0.9626140097004197
2025-11-24,50,0.9572344723730598,0.9560380721538757,0.9288774355240526,0.52,0.56,0.9669885701913006,0.9669303909152801,0.9598800895888826
2025-12-01,57,1.0784785419451086,1.07722422476489,1.0499571976338447,0.49122807017543857,0.49122807017543857,0.9764172473277501,0.9762579109886151,0.9674978865600441
2025-12-08,49,0.8928260074256932,0.8932915379936427,0.8770042224508781,0.673469387755102,0.6938775510204082,0.970752004236186,0.9706350171065214,0.9613648443175141
2025-12-15,36,0.957503281222051,0.9531021137940863,0.9710609281648998,0.5,0.5,0.970123606306662,0.96980341694941,0.9618247376225285
2025-12-22,21,0.925973592050199,0.9263868834058557,0.94340309881448,0.5714285714285714,0.5714285714285714,0.9689349520766802,0.9686345102770836,0.9613287704238502
2025-12-29,50,1.0688759444383202,1.066254505779951,1.0593551826929142,0.44,0.42,0.9749554937852127,0.9745152328977382,0.9672339759822276
2026-01-05,42,1.0230681782805366,1.0260681047282727,1.0245831673872812,0.42857142857142855,0.4523809523809524,0.9772728478549416,0.9769982840638878,0.9699962076783425
2026-01-12,59,0.9596976813513387,0.9587380643618534,0.9386381039021231,0.5084745762711864,0.6101694915254238,0.9761590617929518,0.9758410843190758,0.9680089594261438
2026-01-19,49,1.0324163556950665,1.0281812115492577,0.9920470250889887,0.5102040816326531,0.5510204081632653,0.9789719264880576,0.9784580906805849,0.969210862709286
2026-01-26,49,0.9469316259937738,0.9464803714813654,0.9256319265231719,0.5918367346938775,0.5918367346938775,0.9774461978930917,0.9769353421472887,0.9671356752718521
2026-02-02,47,0.9928845298489422,0.9923332982430896,0.9981500862340553,0.5106382978723404,0.5106382978723404,0.9781205488242488,0.9776079294488711,0.9684903939662979
2026-02-09,49,0.9506801491649987,0.9502614585918275,0.9595369621149705,0.5306122448979592,0.5918367346938775,0.9769253669724237,0.9764168387182087,0.9681004222678845
2026-02-16,49,1.0648794904655132,1.0663137547837658,1.0496584140110965,0.42857142857142855,0.46938775510204084,0.980596365312425,0.9801689246528018,0.9715044611055484
2026-02-23,49,0.8737712617118428,0.872948845745185,0.8580534095556043,0.6326530612244898,0.673469387755102,0.9763163734265472,0.9758731079181548,0.9669589978790993
2026-03-02,51,1.0818083935162224,1.0786113914771398,1.0485228072928314,0.45098039215686275,0.47058823529411764,0.9805393663814714,0.9799858649523057,0.9702241111287857
2026-03-09,46,0.9903677442736296,0.9926682179804359,1.000794801120057,0.5217391304347826,0.5,0.9808818704595313,0.9804278257396496,0.9712894533557542
2026-03-16,49,0.9671475219705301,0.9693257323813312,0.9616392258760993,0.5510204081632653,0.5510204081632653,0.9803902831140521,0.9800304535157214,0.970944047112874
2026-03-30,33,0.9902590948764227,0.9894777015692424,0.996037093945382,0.45454545454545453,0.48484848484848486,0.9806225732625244,0.9802528209806046,0.9715346823093596
2026-04-06,48,0.9835589807578936,0.9829825221678105,0.9858440442528003,0.5208333333333334,0.5625,0.9807197784761643,0.9803431835026639,0.9720083715323149
2026-04-13,39,1.1010446566832148,1.0990307779141824,1.0837503104967192,0.46153846153846156,0.48717948717948717,0.9838713367367922,0.9834518579029655,0.9749351248027056
2026-04-20,57,0.8961849052648397,0.8943820869226993,0.9064813916315689,0.543859649122807,0.5614035087719298,0.9806383958610475,0.9801679142122314,0.9724112808242096
2026-04-27,47,1.1242053996153247,1.118553176080542,1.0816627541714738,0.46808510638297873,0.48936170212765956,0.9848742082756432,0.9842508440978626,0.9756346450723712
2026-05-04,50,0.9402006505846259,0.9430644584151112,0.9407503123503369,0.58,0.56,0.9835146964773773,0.9829974543935792,0.9745730403029849
2026-05-11,61,1.1529292524149652,1.155415384076611,1.1065220424798232,0.4098360655737705,0.4426229508196721,0.9895794194305421,0.9891696924866925,0.9792965667893624
2026-05-18,33,1.0424996345222075,1.042481131496251,1.0288438696125755,0.3939393939393939,0.48484848484848486,0.9905848121179485,0.9901825177528499,0.980237879969078
