,Date,Ligue,HomeTeam,AwayTeam,Score,P1,PX,P2,p_résultat
0,2026-01-24,Bundesliga,Bayern Munich,Augsburg,1-2,0.884,0.086,0.031,0.031
1,2026-03-02,Liga,Real Madrid,Getafe,0-1,0.813,0.142,0.045,0.045
2,2025-12-07,Liga,Real Madrid,Celta,0-2,0.812,0.13,0.058,0.058
3,2026-05-02,Bundesliga,Bayern Munich,Heidenheim,3-3,0.903,0.073,0.024,0.073
4,2025-08-31,Serie A,Inter,Udinese,1-2,0.738,0.184,0.078,0.078
5,2026-01-04,Ligue 1,Marseille,Nantes,0-2,0.775,0.147,0.078,0.078
6,2025-10-25,Premier League,Chelsea,Sunderland,1-2,0.752,0.17,0.078,0.078
7,2025-12-14,Bundesliga,Bayern Munich,Mainz,2-2,0.884,0.087,0.03,0.087
8,2026-04-19,Ligue 1,Paris SG,Lyon,1-2,0.749,0.157,0.094,0.094
9,2025-10-05,Liga,Sevilla,Barcelona,4-1,0.095,0.159,0.745,0.095
