stratégie,paris,gagnés,rendement,IC bas,IC haut
"value v4 vs cote moyenne, seuil 0%",9209,0.31718970572266264,-0.05773373873384733,-0.08884094364208926,-0.02325203605168859
"value v4 vs cote moyenne, seuil 5%",5512,0.2906386066763425,-0.08420355587808417,-0.12689831277213354,-0.041350462626995724
"value v4 vs cote moyenne, seuil 10%",3099,0.26621490803484993,-0.107189415940626,-0.16717610519522424,-0.044887060342045836
"value v4 vs cote moyenne, seuil 20%",1109,0.19837691614066727,-0.21069431920649234,-0.3159310189359784,-0.11006695220919775
"value v4 vs meilleure cote, seuil 0%",13011,0.3131965260164476,-0.01966797325340097,-0.04985566059488126,0.011478748751056773
"value v4 vs meilleure cote, seuil 5%",8745,0.2917095483133219,-0.024292738707833043,-0.0601745283018868,0.014201600914808437
toujours le favori,8821,0.5365604806711257,-0.02232853417979821,-0.04176349053395306,-0.0028660299285795388
toujours le nul,8821,0.254392925972112,-0.02483051808185013,-0.05997755356535541,0.010768053508672479
toujours l'outsider,8821,0.20734610588368665,-0.10388958168008162,-0.1441567282621018,-0.06247596644371392
